-- Generated on: 2026-01-11 06:55:07

-- SQL generated by wms-data-generator
-- DO NOT EDIT THIS FILE MANUALLY
-- Edit the create-wms-schema.sql file instead
--
-- 🚚🚚🚚🚚🚚🚚🚚🚚🚚🚚🚚🚚🚚🚚
-- 🚚 DELIVEROO (C) 2025 🚚
-- 🚚   SHIP THAT SHIT   🚚
-- 🚚   Spółka Akcyjna   🚚
-- 🚚🚚🚚🚚🚚🚚🚚🚚🚚🚚🚚🚚🚚🚚
--
-- Zatrudniamy! https://shorturl.at/G98Ej
DROP TABLE IF EXISTS driver_availability;
DROP TABLE IF EXISTS vehicle_availability;
DROP TABLE IF EXISTS order_items;
DROP TABLE IF EXISTS order_timeline_events;
DROP TABLE IF EXISTS transportation_orders;
DROP TABLE IF EXISTS customers;
DROP TABLE IF EXISTS drivers;
DROP TABLE IF EXISTS vehicles;

CREATE TABLE vehicles (
    id INT PRIMARY KEY,
    make VARCHAR(50),
    model VARCHAR(50),
    year INT,
    fuel_tank_capacity DECIMAL(5,1)
);

CREATE TABLE drivers (
    id INT PRIMARY KEY,
    first_name VARCHAR(50),
    last_name VARCHAR(50),
    email VARCHAR(100),
    phone VARCHAR(20),
    contract_type VARCHAR(20),
    status VARCHAR(20)
);

CREATE TABLE customers (
    id INT PRIMARY KEY,
    first_name VARCHAR(50),
    last_name VARCHAR(50),
    email VARCHAR(100),
    phone VARCHAR(20),
    customer_type VARCHAR(20),
    address VARCHAR(255)
);

CREATE TABLE transportation_orders (
    id INT PRIMARY KEY,
    order_number VARCHAR(20) UNIQUE NOT NULL,
    customer_id INT NOT NULL,
    status VARCHAR(20) NOT NULL,
    amount DECIMAL(10,2) NOT NULL,
    order_date TIMESTAMP NOT NULL,
    expected_delivery DATE,
    shipping_address VARCHAR(255),
    shipping_city VARCHAR(100),
    shipping_state VARCHAR(50),
    shipping_zip_code VARCHAR(20),
    shipping_method VARCHAR(50),
    tracking_number VARCHAR(50),
    FOREIGN KEY (customer_id) REFERENCES customers(id)
);

CREATE TABLE order_timeline_events (
    id INT PRIMARY KEY,
    order_id INT NOT NULL,
    event_type VARCHAR(50) NOT NULL,
    event_timestamp TIMESTAMP NOT NULL,
    title VARCHAR(100),
    description TEXT,
    executed_by VARCHAR(100),
    FOREIGN KEY (order_id) REFERENCES transportation_orders(id)
);

CREATE TABLE order_items (
    id INT PRIMARY KEY,
    order_id INT NOT NULL,
    product_name VARCHAR(100) NOT NULL,
    quantity INT NOT NULL DEFAULT 1,
    unit_price DECIMAL(10,2) NOT NULL,
    total_price DECIMAL(10,2) NOT NULL,
    item_type VARCHAR(20) NOT NULL,
    FOREIGN KEY (order_id) REFERENCES transportation_orders(id)
);

CREATE TABLE driver_availability (
    id INT PRIMARY KEY,
    driver_id INT NOT NULL,
    date DATE NOT NULL,
    shift_start TIME NOT NULL,
    shift_end TIME NOT NULL,
    status VARCHAR(30) NOT NULL, -- SCHEDULED, AVAILABLE, ON_LEAVE_SICK, TRAINING
    notes TEXT,
    FOREIGN KEY (driver_id) REFERENCES drivers(id)
);

CREATE TABLE vehicle_availability (
    id INT PRIMARY KEY,
    vehicle_id INT NOT NULL,
    date DATE NOT NULL,
    availability_from TIME NOT NULL,
    availability_to TIME NOT NULL,
    status VARCHAR(30) NOT NULL, -- AVAILABLE, MAINTENANCE, REPAIR, RESERVED, OUT_OF_SERVICE
    notes TEXT,
    FOREIGN KEY (vehicle_id) REFERENCES vehicles(id)
);

CREATE INDEX idx_timeline_order ON order_timeline_events(order_id);
CREATE INDEX idx_items_order ON order_items(order_id);
CREATE INDEX idx_orders_customer ON transportation_orders(customer_id);
CREATE INDEX idx_orders_status ON transportation_orders(status);
CREATE INDEX idx_driver_availability ON driver_availability(driver_id, date);
CREATE INDEX idx_vehicle_availability ON vehicle_availability(vehicle_id, date);


INSERT INTO vehicles (id, make, model, year, fuel_tank_capacity) VALUES
    (1, 'Pontiac', 'Mini Cooper S Convertible', 2021, 51.1),
    (2, 'Bentley', 'A3 Quattro', 2022, 52.2),
    (3, 'Rover', 'Accent', 2023, 53.3),
    (4, 'Bentley', 'Highlander Hybrid 4wd', 2024, 54.4),
    (5, 'Volvo', 'F150 Pickup 4wd', 2020, 55.5);
INSERT INTO vehicle_availability (id, vehicle_id, date, availability_from, availability_to, status, notes) VALUES
(1, 1, '2026-01-11', '01:00:00', '00:59:59', 'AVAILABLE', 'veniam'),
(2, 1, '2026-01-12', '01:00:00', '00:59:59', 'REPAIR', 'soluta'),
(3, 1, '2026-01-13', '01:00:00', '00:59:59', 'AVAILABLE', 'laborum'),
(4, 1, '2026-01-14', '01:00:00', '00:59:59', 'AVAILABLE', 'quam'),
(5, 1, '2026-01-15', '01:00:00', '00:59:59', 'AVAILABLE', 'exercitationem'),
(6, 1, '2026-01-16', '01:00:00', '00:59:59', 'AVAILABLE', 'doloremque'),
(7, 1, '2026-01-17', '01:00:00', '00:59:59', 'AVAILABLE', 'natus'),
(8, 1, '2026-01-18', '01:00:00', '00:59:59', 'AVAILABLE', 'non'),
(9, 1, '2026-01-19', '01:00:00', '00:59:59', 'AVAILABLE', 'distinctio'),
(10, 1, '2026-01-20', '01:00:00', '00:59:59', 'AVAILABLE', 'officia'),
(11, 1, '2026-01-21', '01:00:00', '00:59:59', 'AVAILABLE', 'vel'),
(12, 1, '2026-01-22', '01:00:00', '00:59:59', 'OUT_OF_SERVICE', 'qui'),
(13, 1, '2026-01-23', '01:00:00', '00:59:59', 'AVAILABLE', 'et'),
(14, 1, '2026-01-24', '01:00:00', '00:59:59', 'AVAILABLE', 'aut'),
(15, 1, '2026-01-25', '01:00:00', '00:59:59', 'AVAILABLE', 'est'),
(16, 1, '2026-01-26', '01:00:00', '00:59:59', 'OUT_OF_SERVICE', 'dignissimos'),
(17, 1, '2026-01-27', '01:00:00', '00:59:59', 'AVAILABLE', 'quis'),
(18, 1, '2026-01-28', '01:00:00', '00:59:59', 'OUT_OF_SERVICE', 'repellendus'),
(19, 1, '2026-01-29', '01:00:00', '00:59:59', 'AVAILABLE', 'a'),
(20, 1, '2026-01-30', '01:00:00', '00:59:59', 'AVAILABLE', 'enim'),
(21, 1, '2026-01-31', '01:00:00', '00:59:59', 'MAINTENANCE', 'laudantium'),
(22, 1, '2026-02-01', '01:00:00', '00:59:59', 'AVAILABLE', 'qui'),
(23, 1, '2026-02-02', '01:00:00', '00:59:59', 'AVAILABLE', 'adipisci'),
(24, 1, '2026-02-03', '01:00:00', '00:59:59', 'AVAILABLE', 'inventore'),
(25, 1, '2026-02-04', '01:00:00', '00:59:59', 'MAINTENANCE', 'ut'),
(26, 1, '2026-02-05', '01:00:00', '00:59:59', 'AVAILABLE', 'non'),
(27, 1, '2026-02-06', '01:00:00', '00:59:59', 'AVAILABLE', 'nesciunt'),
(28, 1, '2026-02-07', '01:00:00', '00:59:59', 'MAINTENANCE', 'non'),
(29, 1, '2026-02-08', '01:00:00', '00:59:59', 'AVAILABLE', 'repellendus'),
(30, 1, '2026-02-09', '01:00:00', '00:59:59', 'AVAILABLE', 'ratione'),
(31, 2, '2026-01-11', '01:00:00', '00:59:59', 'OUT_OF_SERVICE', 'dolorem'),
(32, 2, '2026-01-12', '01:00:00', '00:59:59', 'AVAILABLE', 'at'),
(33, 2, '2026-01-13', '01:00:00', '00:59:59', 'AVAILABLE', 'sed'),
(34, 2, '2026-01-14', '01:00:00', '00:59:59', 'REPAIR', 'dignissimos'),
(35, 2, '2026-01-15', '01:00:00', '00:59:59', 'REPAIR', 'praesentium'),
(36, 2, '2026-01-16', '01:00:00', '00:59:59', 'MAINTENANCE', 'laborum'),
(37, 2, '2026-01-17', '01:00:00', '00:59:59', 'AVAILABLE', 'et'),
(38, 2, '2026-01-18', '01:00:00', '00:59:59', 'AVAILABLE', 'eum'),
(39, 2, '2026-01-19', '01:00:00', '00:59:59', 'AVAILABLE', 'quo'),
(40, 2, '2026-01-20', '01:00:00', '00:59:59', 'AVAILABLE', 'architecto'),
(41, 2, '2026-01-21', '01:00:00', '00:59:59', 'AVAILABLE', 'sequi'),
(42, 2, '2026-01-22', '01:00:00', '00:59:59', 'AVAILABLE', 'et'),
(43, 2, '2026-01-23', '01:00:00', '00:59:59', 'REPAIR', 'est'),
(44, 2, '2026-01-24', '01:00:00', '00:59:59', 'AVAILABLE', 'esse'),
(45, 2, '2026-01-25', '01:00:00', '00:59:59', 'AVAILABLE', 'qui'),
(46, 2, '2026-01-26', '01:00:00', '00:59:59', 'AVAILABLE', 'molestiae'),
(47, 2, '2026-01-27', '01:00:00', '00:59:59', 'AVAILABLE', 'asperiores'),
(48, 2, '2026-01-28', '01:00:00', '00:59:59', 'AVAILABLE', 'cumque'),
(49, 2, '2026-01-29', '01:00:00', '00:59:59', 'MAINTENANCE', 'tempore'),
(50, 2, '2026-01-30', '01:00:00', '00:59:59', 'MAINTENANCE', 'sint'),
(51, 2, '2026-01-31', '01:00:00', '00:59:59', 'AVAILABLE', 'dolorem'),
(52, 2, '2026-02-01', '01:00:00', '00:59:59', 'AVAILABLE', 'magni'),
(53, 2, '2026-02-02', '01:00:00', '00:59:59', 'AVAILABLE', 'doloremque'),
(54, 2, '2026-02-03', '01:00:00', '00:59:59', 'AVAILABLE', 'qui'),
(55, 2, '2026-02-04', '01:00:00', '00:59:59', 'AVAILABLE', 'voluptatum'),
(56, 2, '2026-02-05', '01:00:00', '00:59:59', 'AVAILABLE', 'vitae'),
(57, 2, '2026-02-06', '01:00:00', '00:59:59', 'AVAILABLE', 'consequatur'),
(58, 2, '2026-02-07', '01:00:00', '00:59:59', 'AVAILABLE', 'veritatis'),
(59, 2, '2026-02-08', '01:00:00', '00:59:59', 'AVAILABLE', 'sapiente'),
(60, 2, '2026-02-09', '01:00:00', '00:59:59', 'AVAILABLE', 'recusandae'),
(61, 3, '2026-01-11', '01:00:00', '00:59:59', 'AVAILABLE', 'dolorem'),
(62, 3, '2026-01-12', '01:00:00', '00:59:59', 'AVAILABLE', 'deleniti'),
(63, 3, '2026-01-13', '01:00:00', '00:59:59', 'AVAILABLE', 'itaque'),
(64, 3, '2026-01-14', '01:00:00', '00:59:59', 'AVAILABLE', 'quibusdam'),
(65, 3, '2026-01-15', '01:00:00', '00:59:59', 'AVAILABLE', 'qui'),
(66, 3, '2026-01-16', '01:00:00', '00:59:59', 'AVAILABLE', 'et'),
(67, 3, '2026-01-17', '01:00:00', '00:59:59', 'AVAILABLE', 'officiis'),
(68, 3, '2026-01-18', '01:00:00', '00:59:59', 'AVAILABLE', 'magnam'),
(69, 3, '2026-01-19', '01:00:00', '00:59:59', 'REPAIR', 'hic'),
(70, 3, '2026-01-20', '01:00:00', '00:59:59', 'AVAILABLE', 'itaque'),
(71, 3, '2026-01-21', '01:00:00', '00:59:59', 'AVAILABLE', 'aut'),
(72, 3, '2026-01-22', '01:00:00', '00:59:59', 'AVAILABLE', 'perferendis'),
(73, 3, '2026-01-23', '01:00:00', '00:59:59', 'AVAILABLE', 'non'),
(74, 3, '2026-01-24', '01:00:00', '00:59:59', 'AVAILABLE', 'hic'),
(75, 3, '2026-01-25', '01:00:00', '00:59:59', 'AVAILABLE', 'saepe'),
(76, 3, '2026-01-26', '01:00:00', '00:59:59', 'OUT_OF_SERVICE', 'quidem'),
(77, 3, '2026-01-27', '01:00:00', '00:59:59', 'AVAILABLE', 'ut'),
(78, 3, '2026-01-28', '01:00:00', '00:59:59', 'AVAILABLE', 'quia'),
(79, 3, '2026-01-29', '01:00:00', '00:59:59', 'MAINTENANCE', 'quia'),
(80, 3, '2026-01-30', '01:00:00', '00:59:59', 'AVAILABLE', 'totam'),
(81, 3, '2026-01-31', '01:00:00', '00:59:59', 'MAINTENANCE', 'voluptatem'),
(82, 3, '2026-02-01', '01:00:00', '00:59:59', 'AVAILABLE', 'aliquid'),
(83, 3, '2026-02-02', '01:00:00', '00:59:59', 'AVAILABLE', 'assumenda'),
(84, 3, '2026-02-03', '01:00:00', '00:59:59', 'MAINTENANCE', 'odit'),
(85, 3, '2026-02-04', '01:00:00', '00:59:59', 'MAINTENANCE', 'tenetur'),
(86, 3, '2026-02-05', '01:00:00', '00:59:59', 'AVAILABLE', 'quia'),
(87, 3, '2026-02-06', '01:00:00', '00:59:59', 'AVAILABLE', 'id'),
(88, 3, '2026-02-07', '01:00:00', '00:59:59', 'MAINTENANCE', 'totam'),
(89, 3, '2026-02-08', '01:00:00', '00:59:59', 'AVAILABLE', 'fuga'),
(90, 3, '2026-02-09', '01:00:00', '00:59:59', 'AVAILABLE', 'nesciunt'),
(91, 4, '2026-01-11', '01:00:00', '00:59:59', 'AVAILABLE', 'doloribus'),
(92, 4, '2026-01-12', '01:00:00', '00:59:59', 'AVAILABLE', 'adipisci'),
(93, 4, '2026-01-13', '01:00:00', '00:59:59', 'AVAILABLE', 'voluptas'),
(94, 4, '2026-01-14', '01:00:00', '00:59:59', 'AVAILABLE', 'voluptas'),
(95, 4, '2026-01-15', '01:00:00', '00:59:59', 'AVAILABLE', 'placeat'),
(96, 4, '2026-01-16', '01:00:00', '00:59:59', 'AVAILABLE', 'deserunt'),
(97, 4, '2026-01-17', '01:00:00', '00:59:59', 'AVAILABLE', 'vitae'),
(98, 4, '2026-01-18', '01:00:00', '00:59:59', 'AVAILABLE', 'laudantium'),
(99, 4, '2026-01-19', '01:00:00', '00:59:59', 'AVAILABLE', 'ducimus'),
(100, 4, '2026-01-20', '01:00:00', '00:59:59', 'AVAILABLE', 'et'),
(101, 4, '2026-01-21', '01:00:00', '00:59:59', 'MAINTENANCE', 'ex'),
(102, 4, '2026-01-22', '01:00:00', '00:59:59', 'AVAILABLE', 'nesciunt'),
(103, 4, '2026-01-23', '01:00:00', '00:59:59', 'AVAILABLE', 'placeat'),
(104, 4, '2026-01-24', '01:00:00', '00:59:59', 'AVAILABLE', 'et'),
(105, 4, '2026-01-25', '01:00:00', '00:59:59', 'AVAILABLE', 'id'),
(106, 4, '2026-01-26', '01:00:00', '00:59:59', 'AVAILABLE', 'veritatis'),
(107, 4, '2026-01-27', '01:00:00', '00:59:59', 'AVAILABLE', 'ut'),
(108, 4, '2026-01-28', '01:00:00', '00:59:59', 'AVAILABLE', 'natus'),
(109, 4, '2026-01-29', '01:00:00', '00:59:59', 'AVAILABLE', 'dolores'),
(110, 4, '2026-01-30', '01:00:00', '00:59:59', 'AVAILABLE', 'et'),
(111, 4, '2026-01-31', '01:00:00', '00:59:59', 'AVAILABLE', 'eum'),
(112, 4, '2026-02-01', '01:00:00', '00:59:59', 'MAINTENANCE', 'non'),
(113, 4, '2026-02-02', '01:00:00', '00:59:59', 'AVAILABLE', 'ipsam'),
(114, 4, '2026-02-03', '01:00:00', '00:59:59', 'AVAILABLE', 'et'),
(115, 4, '2026-02-04', '01:00:00', '00:59:59', 'AVAILABLE', 'voluptas'),
(116, 4, '2026-02-05', '01:00:00', '00:59:59', 'AVAILABLE', 'non'),
(117, 4, '2026-02-06', '01:00:00', '00:59:59', 'AVAILABLE', 'aut'),
(118, 4, '2026-02-07', '01:00:00', '00:59:59', 'AVAILABLE', 'voluptas'),
(119, 4, '2026-02-08', '01:00:00', '00:59:59', 'AVAILABLE', 'asperiores'),
(120, 4, '2026-02-09', '01:00:00', '00:59:59', 'AVAILABLE', 'est'),
(121, 5, '2026-01-11', '01:00:00', '00:59:59', 'AVAILABLE', 'error'),
(122, 5, '2026-01-12', '01:00:00', '00:59:59', 'AVAILABLE', 'aut'),
(123, 5, '2026-01-13', '01:00:00', '00:59:59', 'AVAILABLE', 'consequatur'),
(124, 5, '2026-01-14', '01:00:00', '00:59:59', 'AVAILABLE', 'dolor'),
(125, 5, '2026-01-15', '01:00:00', '00:59:59', 'AVAILABLE', 'velit'),
(126, 5, '2026-01-16', '01:00:00', '00:59:59', 'AVAILABLE', 'quia'),
(127, 5, '2026-01-17', '01:00:00', '00:59:59', 'AVAILABLE', 'voluptatem'),
(128, 5, '2026-01-18', '01:00:00', '00:59:59', 'AVAILABLE', 'voluptates'),
(129, 5, '2026-01-19', '01:00:00', '00:59:59', 'AVAILABLE', 'voluptas'),
(130, 5, '2026-01-20', '01:00:00', '00:59:59', 'AVAILABLE', 'laudantium'),
(131, 5, '2026-01-21', '01:00:00', '00:59:59', 'MAINTENANCE', 'quaerat'),
(132, 5, '2026-01-22', '01:00:00', '00:59:59', 'AVAILABLE', 'explicabo'),
(133, 5, '2026-01-23', '01:00:00', '00:59:59', 'AVAILABLE', 'deleniti'),
(134, 5, '2026-01-24', '01:00:00', '00:59:59', 'AVAILABLE', 'delectus'),
(135, 5, '2026-01-25', '01:00:00', '00:59:59', 'AVAILABLE', 'hic'),
(136, 5, '2026-01-26', '01:00:00', '00:59:59', 'AVAILABLE', 'provident'),
(137, 5, '2026-01-27', '01:00:00', '00:59:59', 'AVAILABLE', 'quidem'),
(138, 5, '2026-01-28', '01:00:00', '00:59:59', 'AVAILABLE', 'in'),
(139, 5, '2026-01-29', '01:00:00', '00:59:59', 'AVAILABLE', 'sit'),
(140, 5, '2026-01-30', '01:00:00', '00:59:59', 'AVAILABLE', 'assumenda'),
(141, 5, '2026-01-31', '01:00:00', '00:59:59', 'AVAILABLE', 'libero'),
(142, 5, '2026-02-01', '01:00:00', '00:59:59', 'AVAILABLE', 'hic'),
(143, 5, '2026-02-02', '01:00:00', '00:59:59', 'AVAILABLE', 'repudiandae'),
(144, 5, '2026-02-03', '01:00:00', '00:59:59', 'MAINTENANCE', 'aspernatur'),
(145, 5, '2026-02-04', '01:00:00', '00:59:59', 'AVAILABLE', 'aperiam'),
(146, 5, '2026-02-05', '01:00:00', '00:59:59', 'MAINTENANCE', 'et'),
(147, 5, '2026-02-06', '01:00:00', '00:59:59', 'AVAILABLE', 'illum'),
(148, 5, '2026-02-07', '01:00:00', '00:59:59', 'AVAILABLE', 'autem'),
(149, 5, '2026-02-08', '01:00:00', '00:59:59', 'AVAILABLE', 'non'),
(150, 5, '2026-02-09', '01:00:00', '00:59:59', 'AVAILABLE', 'nesciunt');
INSERT INTO drivers (id, first_name, last_name, email, phone, contract_type, status) VALUES
    (1, 'Scarlett', 'Macejkovic', 'forresthintz@zieme.io', '2436747745', 'CONTRACTOR', 'ACTIVE'),
    (2, 'Ali', 'Graham', 'nonapowlowski@little.io', '5791006405', 'CONTRACTOR', 'ACTIVE');
INSERT INTO driver_availability (id, driver_id, date, shift_start, shift_end, status, notes) VALUES
(1, 1, '2026-01-11', '22:00:00', '06:00:00', 'ON_LEAVE', 'omnis'),
(2, 1, '2026-01-12', '06:00:00', '14:00:00', 'SCHEDULED', 'labore'),
(3, 1, '2026-01-13', '14:00:00', '22:00:00', 'SCHEDULED', 'qui'),
(4, 1, '2026-01-14', '06:00:00', '14:00:00', 'SCHEDULED', 'amet'),
(5, 1, '2026-01-15', '22:00:00', '06:00:00', 'SCHEDULED', 'occaecati'),
(6, 1, '2026-01-16', '06:00:00', '14:00:00', 'SCHEDULED', 'aut'),
(7, 1, '2026-01-17', '22:00:00', '06:00:00', 'ON_LEAVE', 'architecto'),
(8, 1, '2026-01-18', '22:00:00', '06:00:00', 'ON_LEAVE', 'esse'),
(9, 1, '2026-01-19', '06:00:00', '14:00:00', 'SCHEDULED', 'quia'),
(10, 1, '2026-01-20', '22:00:00', '06:00:00', 'SCHEDULED', 'voluptas'),
(11, 1, '2026-01-21', '06:00:00', '14:00:00', 'SCHEDULED', 'tenetur'),
(12, 1, '2026-01-22', '14:00:00', '22:00:00', 'SCHEDULED', 'quisquam'),
(13, 1, '2026-01-23', '06:00:00', '14:00:00', 'SCHEDULED', 'voluptatem'),
(14, 1, '2026-01-24', '14:00:00', '22:00:00', 'ON_LEAVE', 'quam'),
(15, 1, '2026-01-25', '14:00:00', '22:00:00', 'ON_LEAVE', 'sed'),
(16, 1, '2026-01-26', '06:00:00', '14:00:00', 'SCHEDULED', 'doloremque'),
(17, 1, '2026-01-27', '06:00:00', '14:00:00', 'TRAINING', 'ratione'),
(18, 1, '2026-01-28', '14:00:00', '22:00:00', 'SCHEDULED', 'qui'),
(19, 1, '2026-01-29', '22:00:00', '06:00:00', 'SCHEDULED', 'omnis'),
(20, 1, '2026-01-30', '22:00:00', '06:00:00', 'SCHEDULED', 'aut'),
(21, 1, '2026-01-31', '22:00:00', '06:00:00', 'ON_LEAVE', 'blanditiis'),
(22, 1, '2026-02-01', '22:00:00', '06:00:00', 'SCHEDULED', 'illo'),
(23, 1, '2026-02-02', '22:00:00', '06:00:00', 'AVAILABLE', 'porro'),
(24, 1, '2026-02-03', '22:00:00', '06:00:00', 'SCHEDULED', 'laborum'),
(25, 1, '2026-02-04', '22:00:00', '06:00:00', 'SCHEDULED', 'ut'),
(26, 1, '2026-02-05', '06:00:00', '14:00:00', 'SCHEDULED', 'facere'),
(27, 1, '2026-02-06', '06:00:00', '14:00:00', 'SCHEDULED', 'consequatur'),
(28, 1, '2026-02-07', '14:00:00', '22:00:00', 'ON_LEAVE', 'aliquid'),
(29, 1, '2026-02-08', '14:00:00', '22:00:00', 'SCHEDULED', 'qui'),
(30, 1, '2026-02-09', '22:00:00', '06:00:00', 'SCHEDULED', 'quas'),
(31, 2, '2026-01-11', '22:00:00', '06:00:00', 'ON_LEAVE', 'sit'),
(32, 2, '2026-01-12', '14:00:00', '22:00:00', 'AVAILABLE', 'atque'),
(33, 2, '2026-01-13', '14:00:00', '22:00:00', 'SCHEDULED', 'quasi'),
(34, 2, '2026-01-14', '06:00:00', '14:00:00', 'AVAILABLE', 'totam'),
(35, 2, '2026-01-15', '22:00:00', '06:00:00', 'SCHEDULED', 'libero'),
(36, 2, '2026-01-16', '14:00:00', '22:00:00', 'AVAILABLE', 'eligendi'),
(37, 2, '2026-01-17', '22:00:00', '06:00:00', 'ON_LEAVE', 'ab'),
(38, 2, '2026-01-18', '14:00:00', '22:00:00', 'TRAINING', 'magni'),
(39, 2, '2026-01-19', '22:00:00', '06:00:00', 'AVAILABLE', 'voluptas'),
(40, 2, '2026-01-20', '06:00:00', '14:00:00', 'SCHEDULED', 'recusandae'),
(41, 2, '2026-01-21', '14:00:00', '22:00:00', 'SCHEDULED', 'consequuntur'),
(42, 2, '2026-01-22', '14:00:00', '22:00:00', 'SCHEDULED', 'voluptatem'),
(43, 2, '2026-01-23', '14:00:00', '22:00:00', 'SCHEDULED', 'magni'),
(44, 2, '2026-01-24', '14:00:00', '22:00:00', 'SCHEDULED', 'voluptatibus'),
(45, 2, '2026-01-25', '14:00:00', '22:00:00', 'ON_LEAVE', 'nisi'),
(46, 2, '2026-01-26', '22:00:00', '06:00:00', 'SCHEDULED', 'inventore'),
(47, 2, '2026-01-27', '06:00:00', '14:00:00', 'SCHEDULED', 'officiis'),
(48, 2, '2026-01-28', '22:00:00', '06:00:00', 'SCHEDULED', 'quis'),
(49, 2, '2026-01-29', '14:00:00', '22:00:00', 'SCHEDULED', 'magni'),
(50, 2, '2026-01-30', '22:00:00', '06:00:00', 'TRAINING', 'architecto'),
(51, 2, '2026-01-31', '06:00:00', '14:00:00', 'SCHEDULED', 'voluptates'),
(52, 2, '2026-02-01', '22:00:00', '06:00:00', 'SCHEDULED', 'quod'),
(53, 2, '2026-02-02', '22:00:00', '06:00:00', 'SCHEDULED', 'velit'),
(54, 2, '2026-02-03', '06:00:00', '14:00:00', 'SCHEDULED', 'sunt'),
(55, 2, '2026-02-04', '22:00:00', '06:00:00', 'SCHEDULED', 'debitis'),
(56, 2, '2026-02-05', '06:00:00', '14:00:00', 'SCHEDULED', 'omnis'),
(57, 2, '2026-02-06', '06:00:00', '14:00:00', 'AVAILABLE', 'odio'),
(58, 2, '2026-02-07', '06:00:00', '14:00:00', 'ON_LEAVE', 'minima'),
(59, 2, '2026-02-08', '14:00:00', '22:00:00', 'ON_LEAVE', 'dolore'),
(60, 2, '2026-02-09', '22:00:00', '06:00:00', 'SCHEDULED', 'voluptas');
INSERT INTO customers (id, first_name, last_name, email, phone, customer_type, address) VALUES
(1, 'Ramiro', 'Bauch', 'deontaejones@schaden.io', '8653620258', 'INDIVIDUAL', '305 West Islemouth, Arlington, Florida 66522'),
(2, 'Rigoberto', 'Halvorson', 'athenagaylord@mante.net', '6306827006', 'VIP', '5904 Mountainborough, Santa Ana, Tennessee 29230'),
(3, 'Johnpaul', 'Koch', 'sheldonfahey@schmidt.io', '6659276258', 'VIP', '66170 South Radialville, Chandler, South Dakota 67095'),
(4, 'Jaeden', 'Bins', 'berenicehickle@jerde.name', '9995241915', 'VIP', '1894 Lake Forestview, Memphis, Mississippi 98035'),
(5, 'Toby', 'Fay', 'arnaldojenkins@hane.net', '2114815003', 'VIP', '4091 Laneport, Tulsa, Idaho 62576'),
(6, 'Helmer', 'Dickinson', 'audreybernier@oberbrunner.biz', '5923234973', 'INDIVIDUAL', '496 West Rapidstown, San Antonio, South Dakota 67587'),
(7, 'Ahmad', 'Bartell', 'alfredakassulke@kuhlman.io', '3324695251', 'VIP', '79855 Covestad, Cincinnati, New York 84520'),
(8, 'Ronny', 'Oberbrunner', 'micahdickens@collier.org', '1900491968', 'BUSINESS', '760 Viewside, Colorado Springs, South Dakota 41222'),
(9, 'Oliver', 'Renner', 'efrenfisher@jenkins.name', '9356625707', 'VIP', '27029 East Glenbury, St. Petersburg, Kansas 87839'),
(10, 'Ryley', 'Hegmann', 'ethangraham@hintz.io', '3285120817', 'BUSINESS', '2465 New Cliffstad, Dallas, New Jersey 28162'),
(11, 'Jalon', 'Lang', 'joaniecartwright@keebler.name', '2655528900', 'VIP', '696 Knollschester, Norfolk, Pennsylvania 82073'),
(12, 'Ricardo', 'Morar', 'alekaltenwerth@kilback.io', '8582005319', 'VIP', '33327 Branchburgh, Fresno, West Virginia 86337');
INSERT INTO transportation_orders (id, order_number, customer_id, status, amount, order_date, expected_delivery, shipping_address, shipping_city, shipping_state, shipping_zip_code, shipping_method, tracking_number) VALUES
    (1, '#00001', 6, 'DELIVERED', 4627.27, '2025-02-23 02:22:29', '2025-02-26', '6512 Port Dambury, Anaheim, New Mexico 24854', 'Anaheim', 'New Mexico', '24854', 'Next Day Delivery', 'SR0001'),
    (2, '#00002', 6, 'DELIVERED', 5308.05, '2025-05-26 22:14:01', '2025-06-02', '2482 Islandsville, Glendale, Florida 33481', 'Glendale', 'Florida', '33481', 'Same Day Delivery', 'SR0002'),
    (3, '#00003', 2, 'CANCELLED', 2608.01, '2025-04-22 07:44:50', '2025-04-27', '59705 East Groveshaven, Lexington-Fayette, North Carolina 36385', 'Lexington-Fayette', 'North Carolina', '36385', 'Standard Delivery', 'SR0003'),
    (4, '#00004', 12, 'DELIVERED', 3288.86, '2025-04-01 01:42:04', '2025-04-06', '9421 Landchester, Stockton, Maryland 97909', 'Stockton', 'Maryland', '97909', 'Express Delivery', 'SR0004'),
    (5, '#00005', 8, 'DELIVERED', 2884.48, '2025-05-01 00:37:35', '2025-05-06', '15052 Capemouth, Virginia Beach, Missouri 11242', 'Virginia Beach', 'Missouri', '11242', 'Express Delivery', 'SR0005'),
    (6, '#00006', 5, 'DELIVERED', 1475.37, '2025-05-25 15:29:24', '2025-05-30', '7110 South Plainschester, Kansas, Vermont 31037', 'Kansas', 'Vermont', '31037', 'Next Day Delivery', 'SR0006'),
    (7, '#00007', 11, 'DELIVERED', 4130.87, '2025-10-24 06:42:06', '2025-10-31', '708 Springschester, Anaheim, Michigan 65836', 'Anaheim', 'Michigan', '65836', 'Express Delivery', 'SR0007'),
    (8, '#00008', 6, 'DELIVERED', 2229.18, '2025-06-08 01:28:09', '2025-06-15', '9900 New Locksbury, Anaheim, Virginia 10592', 'Anaheim', 'Virginia', '10592', 'Next Day Delivery', 'SR0008'),
    (9, '#00009', 12, 'CANCELLED', 389.73, '2025-05-24 13:00:43', '2025-05-29', '38380 North Walkside, Fort Wayne, Indiana 86443', 'Fort Wayne', 'Indiana', '86443', 'Express Delivery', 'SR0009'),
    (10, '#00010', 8, 'DELIVERED', 4148.35, '2025-12-24 05:03:58', '2025-12-26', '98935 Dividemouth, Boston, Connecticut 53342', 'Boston', 'Connecticut', '53342', 'Economy Shipping', 'SR0010'),
    (11, '#00011', 10, 'CANCELLED', 1239.16, '2025-01-25 17:28:18', '2025-01-30', '65203 New Forgeborough, Madison, Vermont 93903', 'Madison', 'Vermont', '93903', 'Next Day Delivery', 'SR0011'),
    (12, '#00012', 6, 'DELIVERED', 5315.12, '2025-01-29 15:24:25', '2025-02-01', '230 East Waysmouth, Buffalo, Maryland 29684', 'Buffalo', 'Maryland', '29684', 'Same Day Delivery', 'SR0012'),
    (13, '#00013', 7, 'DELIVERED', 94.59, '2025-10-13 07:42:01', '2025-10-20', '70087 New Keyview, Portland, Montana 39811', 'Portland', 'Montana', '39811', 'Standard Delivery', 'SR0013'),
    (14, '#00014', 4, 'CANCELLED', 2541.22, '2025-06-07 07:04:36', '2025-06-13', '7685 Extensionmouth, Omaha, Florida 33232', 'Omaha', 'Florida', '33232', 'Express Delivery', 'SR0014'),
    (15, '#00015', 6, 'PROCESSING', 3761.64, '2026-01-04 07:40:28', '2026-01-06', '3901 Alleyfort, Stockton, North Carolina 39337', 'Stockton', 'North Carolina', '39337', 'Same Day Delivery', 'SR0015'),
    (16, '#00016', 3, 'DELIVERED', 4152.95, '2025-12-26 06:01:19', '2026-01-02', '55529 Plainstown, Phoenix, Connecticut 71235', 'Phoenix', 'Connecticut', '71235', 'Economy Shipping', 'SR0016'),
    (17, '#00017', 9, 'DELIVERED', 3069.42, '2025-07-16 21:23:34', '2025-07-23', '3096 Greensstad, Chandler, Montana 95300', 'Chandler', 'Montana', '95300', 'Economy Shipping', 'SR0017'),
    (18, '#00018', 6, 'DELIVERED', 5644.93, '2025-01-31 08:52:43', '2025-02-07', '5280 Circleschester, Aurora, South Carolina 37307', 'Aurora', 'South Carolina', '37307', 'Express Delivery', 'SR0018'),
    (19, '#00019', 1, 'DELIVERED', 7176.93, '2025-06-17 22:32:36', '2025-06-21', '54622 Lightsstad, Portland, Alaska 97516', 'Portland', 'Alaska', '97516', 'Next Day Delivery', 'SR0019'),
    (20, '#00020', 4, 'DELIVERED', 2369.71, '2025-12-24 12:50:55', '2025-12-30', '87375 North Turnpikeshire, Tampa, Idaho 68864', 'Tampa', 'Idaho', '68864', 'Economy Shipping', 'SR0020'),
    (21, '#00021', 4, 'DELIVERED', 2046.59, '2025-09-21 08:01:03', '2025-09-28', '5536 Rapidberg, Chandler, Nebraska 66988', 'Chandler', 'Nebraska', '66988', 'Same Day Delivery', 'SR0021'),
    (22, '#00022', 12, 'DELIVERED', 2035.11, '2025-10-28 22:39:15', '2025-10-31', '76193 West Millside, Cincinnati, Texas 80984', 'Cincinnati', 'Texas', '80984', 'Economy Shipping', 'SR0022'),
    (23, '#00023', 4, 'DELIVERED', 2047.22, '2025-05-01 12:21:21', '2025-05-07', '5799 Islandside, Washington, Oregon 59601', 'Washington', 'Oregon', '59601', 'Express Delivery', 'SR0023'),
    (24, '#00024', 10, 'DELIVERED', 1301.17, '2025-07-01 15:26:35', '2025-07-07', '73672 Daleborough, Bakersfield, Massachusetts 60101', 'Bakersfield', 'Massachusetts', '60101', 'Express Delivery', 'SR0024'),
    (25, '#00025', 1, 'DELIVERED', 6129.53, '2025-10-30 11:59:57', '2025-11-02', '198 Fordside, St. Petersburg, Washington 10583', 'St. Petersburg', 'Washington', '10583', 'Economy Shipping', 'SR0025');
INSERT INTO order_timeline_events (id, order_id, event_type, event_timestamp, title, description, executed_by) VALUES
    (1, 1, 'ORDER_CREATED', '2025-02-23 02:22:29', 'New Order Received', 'Customer order received and registered', 'System'),
    (2, 1, 'PAYMENT_CONFIRMED', '2025-02-23 07:42:29', 'Payment Received', 'Credit card payment processed', 'Payment System'),
    (3, 1, 'ORDER_APPROVED', '2025-02-23 10:35:29', 'Order Approved', 'Order approved for processing', 'Eladio McCullough'),
    (4, 1, 'PREPARING_SHIPMENT', '2025-02-23 15:41:29', 'Warehouse Processing', 'Items picked from warehouse and packaging initiated', 'Garret Wiegand'),
    (5, 1, 'READY_FOR_PICKUP', '2025-02-23 19:02:29', 'Ready for Pickup', 'Package ready for carrier pickup', 'Candice Altenwerth'),
    (6, 1, 'IN_TRANSIT', '2025-02-24 02:33:29', 'En Route', 'Package is on the way to destination', 'Logistics System'),
    (7, 1, 'DELIVERED', '2025-02-24 08:52:29', 'Delivery Completed', 'Package received and signed by customer', 'Delivery System'),
    (8, 2, 'ORDER_CREATED', '2025-05-26 22:14:01', 'Order Created', 'Order placed by customer', 'System'),
    (9, 2, 'PAYMENT_CONFIRMED', '2025-05-27 04:39:01', 'Payment Received', 'Credit card payment processed', 'Payment System'),
    (10, 2, 'ORDER_APPROVED', '2025-05-27 08:24:01', 'Order Approved', 'Order approved for processing', 'Norris Gutmann'),
    (11, 2, 'PREPARING_SHIPMENT', '2025-05-27 10:23:01', 'Preparing Shipment', 'Shipment preparation started', 'Mason Windler'),
    (12, 2, 'READY_FOR_PICKUP', '2025-05-27 11:54:01', 'Pickup Scheduled', 'Package prepared and awaiting carrier collection', 'Karen Schneider'),
    (13, 2, 'IN_TRANSIT', '2025-05-27 17:02:01', 'En Route', 'Package is on the way to destination', 'Logistics System'),
    (14, 2, 'OUT_FOR_DELIVERY', '2025-05-27 21:43:01', 'Delivery in Progress', 'Driver en route to delivery address', 'Delivery System'),
    (15, 2, 'DELIVERED', '2025-05-28 03:31:01', 'Order Fulfilled', 'Delivery completed successfully', 'Delivery System'),
    (16, 3, 'ORDER_CREATED', '2025-04-22 07:44:50', 'New Order Received', 'Customer order received and registered', 'System'),
    (17, 3, 'PAYMENT_CONFIRMED', '2025-04-22 10:24:50', 'Payment Received', 'Credit card payment processed', 'Payment System'),
    (18, 3, 'ORDER_APPROVED', '2025-04-22 12:47:50', 'Order Approved', 'Order approved for processing', 'Kris Cummerata'),
    (19, 3, 'CANCELLED', '2025-04-22 19:15:50', 'Cancellation Processed', 'Order cancellation processed and refund initiated', 'System'),
    (20, 4, 'ORDER_CREATED', '2025-04-01 01:42:04', 'New Order Received', 'Customer order received and registered', 'System'),
    (21, 4, 'PAYMENT_CONFIRMED', '2025-04-01 09:00:04', 'Payment Received', 'Credit card payment processed', 'Payment System'),
    (22, 4, 'ORDER_APPROVED', '2025-04-01 12:52:04', 'Processing Authorized', 'Order authorized for warehouse processing', 'Sherman Daniel'),
    (23, 4, 'PREPARING_SHIPMENT', '2025-04-01 15:00:04', 'Warehouse Processing', 'Items picked from warehouse and packaging initiated', 'Annabel Jacobi'),
    (24, 4, 'READY_FOR_PICKUP', '2025-04-01 21:29:04', 'Pickup Scheduled', 'Package prepared and awaiting carrier collection', 'Carroll Littel'),
    (25, 4, 'IN_TRANSIT', '2025-04-02 02:06:04', 'In Transit', 'Package picked up by carrier and in transit', 'Logistics System'),
    (26, 4, 'OUT_FOR_DELIVERY', '2025-04-02 08:19:04', 'Final Mile Delivery', 'Package loaded on delivery vehicle', 'Delivery System'),
    (27, 4, 'DELIVERED', '2025-04-02 09:44:04', 'Delivery Completed', 'Package received and signed by customer', 'Delivery System'),
    (28, 5, 'ORDER_CREATED', '2025-05-01 00:37:35', 'Order Created', 'Order placed by customer', 'System'),
    (29, 5, 'PAYMENT_CONFIRMED', '2025-05-01 01:01:35', 'Transaction Completed', 'Payment transaction completed successfully', 'Payment System'),
    (30, 5, 'ORDER_APPROVED', '2025-05-01 01:26:35', 'Order Validated', 'Order review completed and approved for shipment preparation', 'Chaz Bergnaum'),
    (31, 5, 'PREPARING_SHIPMENT', '2025-05-01 05:10:35', 'Warehouse Processing', 'Items picked from warehouse and packaging initiated', 'Eda Feest'),
    (32, 5, 'READY_FOR_PICKUP', '2025-05-01 06:24:35', 'Pickup Scheduled', 'Package prepared and awaiting carrier collection', 'Chyna Muller'),
    (33, 5, 'IN_TRANSIT', '2025-05-01 10:49:35', 'Shipment Departed', 'Package departed from distribution center', 'Logistics System'),
    (34, 5, 'OUT_FOR_DELIVERY', '2025-05-01 13:16:35', 'Delivery in Progress', 'Driver en route to delivery address', 'Delivery System'),
    (35, 5, 'DELIVERED', '2025-05-01 16:51:35', 'Delivery Completed', 'Package received and signed by customer', 'Delivery System'),
    (36, 6, 'ORDER_CREATED', '2025-05-25 15:29:24', 'Order Created', 'Initial order creation and validation', 'System'),
    (37, 6, 'PAYMENT_CONFIRMED', '2025-05-25 16:11:24', 'Payment Confirmed', 'Payment successfully processed', 'Payment System'),
    (38, 6, 'ORDER_APPROVED', '2025-05-25 21:30:24', 'Processing Authorized', 'Order authorized for warehouse processing', 'Annie Rosenbaum'),
    (39, 6, 'PREPARING_SHIPMENT', '2025-05-25 23:57:24', 'Warehouse Processing', 'Items picked from warehouse and packaging initiated', 'Cristopher Becker'),
    (40, 6, 'READY_FOR_PICKUP', '2025-05-26 05:37:24', 'Ready for Pickup', 'Package ready for carrier pickup', 'Travon Nitzsche'),
    (41, 6, 'IN_TRANSIT', '2025-05-26 09:20:24', 'Shipment Departed', 'Package departed from distribution center', 'Logistics System'),
    (42, 6, 'OUT_FOR_DELIVERY', '2025-05-26 15:19:24', 'Out for Delivery', 'Package out for delivery to customer', 'Delivery System'),
    (43, 6, 'DELIVERED', '2025-05-26 20:31:24', 'Delivered', 'Package delivered successfully to customer', 'Delivery System'),
    (44, 7, 'ORDER_CREATED', '2025-10-24 06:42:06', 'Order Created', 'Initial order creation and validation', 'System'),
    (45, 7, 'PAYMENT_CONFIRMED', '2025-10-24 13:07:06', 'Payment Received', 'Credit card payment processed', 'Payment System'),
    (46, 7, 'ORDER_APPROVED', '2025-10-24 18:59:06', 'Order Approved', 'Order approved for processing', 'Ivory Dare'),
    (47, 7, 'PREPARING_SHIPMENT', '2025-10-24 23:19:06', 'Packing in Progress', 'Order items being packed for shipment', 'Katlyn Schmitt'),
    (48, 7, 'READY_FOR_PICKUP', '2025-10-25 03:54:06', 'Pickup Scheduled', 'Package prepared and awaiting carrier collection', 'Rosalinda Turcotte'),
    (49, 7, 'IN_TRANSIT', '2025-10-25 06:44:06', 'Shipment Departed', 'Package departed from distribution center', 'Logistics System'),
    (50, 7, 'DELIVERED', '2025-10-25 13:39:06', 'Delivery Completed', 'Package received and signed by customer', 'Delivery System'),
    (51, 8, 'ORDER_CREATED', '2025-06-08 01:28:09', 'Order Created', 'Order placed by customer', 'System'),
    (52, 8, 'PAYMENT_CONFIRMED', '2025-06-08 06:50:09', 'Payment Confirmed', 'Payment successfully processed', 'Payment System'),
    (53, 8, 'ORDER_APPROVED', '2025-06-08 11:15:09', 'Order Approved', 'Order approved for processing', 'Barton Casper'),
    (54, 8, 'PREPARING_SHIPMENT', '2025-06-08 16:55:09', 'Preparing Shipment', 'Shipment preparation started', 'Pearl McLaughlin'),
    (55, 8, 'READY_FOR_PICKUP', '2025-06-08 23:56:09', 'Awaiting Carrier', 'Final quality check completed, package sealed and labeled', 'Tevin Zemlak'),
    (56, 8, 'IN_TRANSIT', '2025-06-09 03:00:09', 'In Transit', 'Package picked up by carrier and in transit', 'Logistics System'),
    (57, 8, 'OUT_FOR_DELIVERY', '2025-06-09 10:44:09', 'Delivery in Progress', 'Driver en route to delivery address', 'Delivery System'),
    (58, 8, 'DELIVERED', '2025-06-09 16:58:09', 'Order Fulfilled', 'Delivery completed successfully', 'Delivery System'),
    (59, 9, 'ORDER_CREATED', '2025-05-24 13:00:43', 'New Order Received', 'Customer order received and registered', 'System'),
    (60, 9, 'PAYMENT_CONFIRMED', '2025-05-24 15:37:43', 'Payment Received', 'Credit card payment processed', 'Payment System'),
    (61, 9, 'ORDER_APPROVED', '2025-05-24 19:17:43', 'Processing Authorized', 'Order authorized for warehouse processing', 'Forrest Bahringer'),
    (62, 9, 'CANCELLED', '2025-05-25 03:04:43', 'Cancellation Processed', 'Order cancellation processed and refund initiated', 'System'),
    (63, 10, 'ORDER_CREATED', '2025-12-24 05:03:58', 'Order Created', 'Order placed by customer', 'System'),
    (64, 10, 'PAYMENT_CONFIRMED', '2025-12-24 09:57:58', 'Transaction Completed', 'Payment transaction completed successfully', 'Payment System'),
    (65, 10, 'ORDER_APPROVED', '2025-12-24 11:55:58', 'Processing Authorized', 'Order authorized for warehouse processing', 'Douglas Bayer'),
    (66, 10, 'PREPARING_SHIPMENT', '2025-12-24 12:31:58', 'Packing in Progress', 'Order items being packed for shipment', 'Toni Lueilwitz'),
    (67, 10, 'READY_FOR_PICKUP', '2025-12-24 19:07:58', 'Ready for Pickup', 'Package ready for carrier pickup', 'Scot Denesik'),
    (68, 10, 'IN_TRANSIT', '2025-12-24 21:19:58', 'En Route', 'Package is on the way to destination', 'Logistics System'),
    (69, 10, 'OUT_FOR_DELIVERY', '2025-12-25 00:12:58', 'Delivery in Progress', 'Driver en route to delivery address', 'Delivery System'),
    (70, 10, 'DELIVERED', '2025-12-25 06:06:58', 'Delivery Completed', 'Package received and signed by customer', 'Delivery System'),
    (71, 11, 'ORDER_CREATED', '2025-01-25 17:28:18', 'Order Created', 'Order placed by customer', 'System'),
    (72, 11, 'CANCELLED', '2025-01-25 22:24:18', 'Cancellation Processed', 'Order cancellation processed and refund initiated', 'System'),
    (73, 12, 'ORDER_CREATED', '2025-01-29 15:24:25', 'New Order Received', 'Customer order received and registered', 'System'),
    (74, 12, 'PAYMENT_CONFIRMED', '2025-01-29 20:24:25', 'Payment Confirmed', 'Payment successfully processed', 'Payment System'),
    (75, 12, 'ORDER_APPROVED', '2025-01-29 22:01:25', 'Order Approved', 'Order approved for processing', 'Cristopher Miller'),
    (76, 12, 'PREPARING_SHIPMENT', '2025-01-29 23:37:25', 'Packing in Progress', 'Order items being packed for shipment', 'Tyler Effertz'),
    (77, 12, 'READY_FOR_PICKUP', '2025-01-30 03:54:25', 'Awaiting Carrier', 'Final quality check completed, package sealed and labeled', 'Karli Hayes'),
    (78, 12, 'IN_TRANSIT', '2025-01-30 06:51:25', 'Shipment Departed', 'Package departed from distribution center', 'Logistics System'),
    (79, 12, 'OUT_FOR_DELIVERY', '2025-01-30 12:05:25', 'Out for Delivery', 'Package out for delivery to customer', 'Delivery System'),
    (80, 12, 'DELIVERED', '2025-01-30 15:41:25', 'Delivery Completed', 'Package received and signed by customer', 'Delivery System'),
    (81, 13, 'ORDER_CREATED', '2025-10-13 07:42:01', 'Order Created', 'Initial order creation and validation', 'System'),
    (82, 13, 'PAYMENT_CONFIRMED', '2025-10-13 13:33:01', 'Payment Confirmed', 'Payment successfully processed', 'Payment System'),
    (83, 13, 'ORDER_APPROVED', '2025-10-13 13:54:01', 'Order Approved', 'Order approved for processing', 'Donnie Zulauf'),
    (84, 13, 'PREPARING_SHIPMENT', '2025-10-13 16:48:01', 'Preparing Shipment', 'Shipment preparation started', 'Enos Mann'),
    (85, 13, 'READY_FOR_PICKUP', '2025-10-13 18:10:01', 'Awaiting Carrier', 'Final quality check completed, package sealed and labeled', 'Brayan Rau'),
    (86, 13, 'IN_TRANSIT', '2025-10-13 23:15:01', 'In Transit', 'Package picked up by carrier and in transit', 'Logistics System'),
    (87, 13, 'DELIVERED', '2025-10-14 01:29:01', 'Delivered', 'Package delivered successfully to customer', 'Delivery System'),
    (88, 14, 'ORDER_CREATED', '2025-06-07 07:04:36', 'Order Created', 'Initial order creation and validation', 'System'),
    (89, 14, 'CANCELLED', '2025-06-07 14:46:36', 'Order Cancelled', 'Order cancelled by customer request', 'Otha Pagac'),
    (90, 15, 'ORDER_CREATED', '2026-01-04 07:40:28', 'Order Created', 'Initial order creation and validation', 'System'),
    (91, 15, 'PAYMENT_CONFIRMED', '2026-01-04 09:02:28', 'Payment Received', 'Credit card payment processed', 'Payment System'),
    (92, 15, 'ORDER_APPROVED', '2026-01-04 11:37:28', 'Order Validated', 'Order review completed and approved for shipment preparation', 'Timmothy Wintheiser'),
    (93, 15, 'PREPARING_SHIPMENT', '2026-01-04 15:09:28', 'Packing in Progress', 'Order items being packed for shipment', 'Abel Bailey'),
    (94, 16, 'ORDER_CREATED', '2025-12-26 06:01:19', 'Order Created', 'Initial order creation and validation', 'System'),
    (95, 16, 'PAYMENT_CONFIRMED', '2025-12-26 14:01:19', 'Payment Confirmed', 'Payment successfully processed', 'Payment System'),
    (96, 16, 'ORDER_APPROVED', '2025-12-26 19:55:19', 'Order Approved', 'Order approved for processing', 'Ardith Braun'),
    (97, 16, 'PREPARING_SHIPMENT', '2025-12-26 21:47:19', 'Preparing Shipment', 'Shipment preparation started', 'Kamren Klein'),
    (98, 16, 'READY_FOR_PICKUP', '2025-12-26 23:58:19', 'Ready for Pickup', 'Package ready for carrier pickup', 'Anne Barrows'),
    (99, 16, 'IN_TRANSIT', '2025-12-27 03:54:19', 'In Transit', 'Package picked up by carrier and in transit', 'Logistics System'),
    (100, 16, 'OUT_FOR_DELIVERY', '2025-12-27 08:02:19', 'Final Mile Delivery', 'Package loaded on delivery vehicle', 'Delivery System'),
    (101, 16, 'DELIVERED', '2025-12-27 15:46:19', 'Delivered', 'Package delivered successfully to customer', 'Delivery System'),
    (102, 17, 'ORDER_CREATED', '2025-07-16 21:23:34', 'Order Created', 'Initial order creation and validation', 'System'),
    (103, 17, 'PAYMENT_CONFIRMED', '2025-07-17 02:52:34', 'Payment Confirmed', 'Payment successfully processed', 'Payment System'),
    (104, 17, 'ORDER_APPROVED', '2025-07-17 08:38:34', 'Processing Authorized', 'Order authorized for warehouse processing', 'Elyssa Hickle'),
    (105, 17, 'PREPARING_SHIPMENT', '2025-07-17 10:17:34', 'Preparing Shipment', 'Shipment preparation started', 'Thea Kerluke'),
    (106, 17, 'READY_FOR_PICKUP', '2025-07-17 18:11:34', 'Ready for Pickup', 'Package ready for carrier pickup', 'Arthur Steuber'),
    (107, 17, 'IN_TRANSIT', '2025-07-17 20:10:34', 'Shipment Departed', 'Package departed from distribution center', 'Logistics System'),
    (108, 17, 'DELIVERED', '2025-07-18 03:15:34', 'Order Fulfilled', 'Delivery completed successfully', 'Delivery System'),
    (109, 18, 'ORDER_CREATED', '2025-01-31 08:52:43', 'New Order Received', 'Customer order received and registered', 'System'),
    (110, 18, 'PAYMENT_CONFIRMED', '2025-01-31 14:33:43', 'Transaction Completed', 'Payment transaction completed successfully', 'Payment System'),
    (111, 18, 'ORDER_APPROVED', '2025-01-31 18:18:43', 'Processing Authorized', 'Order authorized for warehouse processing', 'Kenna Mraz'),
    (112, 18, 'PREPARING_SHIPMENT', '2025-01-31 22:53:43', 'Preparing Shipment', 'Shipment preparation started', 'Benedict Hayes'),
    (113, 18, 'READY_FOR_PICKUP', '2025-02-01 03:35:43', 'Awaiting Carrier', 'Final quality check completed, package sealed and labeled', 'Destiney Davis'),
    (114, 18, 'IN_TRANSIT', '2025-02-01 03:45:43', 'Shipment Departed', 'Package departed from distribution center', 'Logistics System'),
    (115, 18, 'OUT_FOR_DELIVERY', '2025-02-01 08:29:43', 'Final Mile Delivery', 'Package loaded on delivery vehicle', 'Delivery System'),
    (116, 18, 'DELIVERED', '2025-02-01 09:01:43', 'Delivery Completed', 'Package received and signed by customer', 'Delivery System'),
    (117, 19, 'ORDER_CREATED', '2025-06-17 22:32:36', 'Order Created', 'Order placed by customer', 'System'),
    (118, 19, 'PAYMENT_CONFIRMED', '2025-06-18 00:41:36', 'Transaction Completed', 'Payment transaction completed successfully', 'Payment System'),
    (119, 19, 'ORDER_APPROVED', '2025-06-18 02:51:36', 'Order Validated', 'Order review completed and approved for shipment preparation', 'Raven Zulauf'),
    (120, 19, 'PREPARING_SHIPMENT', '2025-06-18 06:05:36', 'Preparing Shipment', 'Shipment preparation started', 'Willy Langosh'),
    (121, 19, 'READY_FOR_PICKUP', '2025-06-18 12:12:36', 'Ready for Pickup', 'Package ready for carrier pickup', 'Kobe Erdman'),
    (122, 19, 'IN_TRANSIT', '2025-06-18 15:34:36', 'In Transit', 'Package picked up by carrier and in transit', 'Logistics System'),
    (123, 19, 'DELIVERED', '2025-06-18 22:09:36', 'Delivery Completed', 'Package received and signed by customer', 'Delivery System'),
    (124, 20, 'ORDER_CREATED', '2025-12-24 12:50:55', 'Order Created', 'Order placed by customer', 'System'),
    (125, 20, 'PAYMENT_CONFIRMED', '2025-12-24 16:03:55', 'Payment Confirmed', 'Payment successfully processed', 'Payment System'),
    (126, 20, 'ORDER_APPROVED', '2025-12-24 19:55:55', 'Order Validated', 'Order review completed and approved for shipment preparation', 'Lenora Sawayn'),
    (127, 20, 'PREPARING_SHIPMENT', '2025-12-25 01:15:55', 'Packing in Progress', 'Order items being packed for shipment', 'Willie Dickinson'),
    (128, 20, 'READY_FOR_PICKUP', '2025-12-25 01:48:55', 'Pickup Scheduled', 'Package prepared and awaiting carrier collection', 'Anna Schuster'),
    (129, 20, 'IN_TRANSIT', '2025-12-25 04:36:55', 'Shipment Departed', 'Package departed from distribution center', 'Logistics System'),
    (130, 20, 'DELIVERED', '2025-12-25 09:33:55', 'Order Fulfilled', 'Delivery completed successfully', 'Delivery System'),
    (131, 21, 'ORDER_CREATED', '2025-09-21 08:01:03', 'New Order Received', 'Customer order received and registered', 'System'),
    (132, 21, 'PAYMENT_CONFIRMED', '2025-09-21 11:10:03', 'Transaction Completed', 'Payment transaction completed successfully', 'Payment System'),
    (133, 21, 'ORDER_APPROVED', '2025-09-21 11:31:03', 'Processing Authorized', 'Order authorized for warehouse processing', 'Noemie Legros'),
    (134, 21, 'PREPARING_SHIPMENT', '2025-09-21 11:37:03', 'Preparing Shipment', 'Shipment preparation started', 'Gardner Rice'),
    (135, 21, 'READY_FOR_PICKUP', '2025-09-21 13:12:03', 'Ready for Pickup', 'Package ready for carrier pickup', 'Kathryne Heaney'),
    (136, 21, 'IN_TRANSIT', '2025-09-21 15:36:03', 'In Transit', 'Package picked up by carrier and in transit', 'Logistics System'),
    (137, 21, 'OUT_FOR_DELIVERY', '2025-09-21 17:11:03', 'Final Mile Delivery', 'Package loaded on delivery vehicle', 'Delivery System'),
    (138, 21, 'DELIVERED', '2025-09-21 23:25:03', 'Delivered', 'Package delivered successfully to customer', 'Delivery System'),
    (139, 22, 'ORDER_CREATED', '2025-10-28 22:39:15', 'New Order Received', 'Customer order received and registered', 'System'),
    (140, 22, 'PAYMENT_CONFIRMED', '2025-10-28 22:54:15', 'Payment Confirmed', 'Payment successfully processed', 'Payment System'),
    (141, 22, 'ORDER_APPROVED', '2025-10-29 01:24:15', 'Processing Authorized', 'Order authorized for warehouse processing', 'Wava Heathcote'),
    (142, 22, 'PREPARING_SHIPMENT', '2025-10-29 05:14:15', 'Packing in Progress', 'Order items being packed for shipment', 'Damion Nicolas'),
    (143, 22, 'READY_FOR_PICKUP', '2025-10-29 10:15:15', 'Awaiting Carrier', 'Final quality check completed, package sealed and labeled', 'Mandy Gutkowski'),
    (144, 22, 'IN_TRANSIT', '2025-10-29 13:52:15', 'Shipment Departed', 'Package departed from distribution center', 'Logistics System'),
    (145, 22, 'OUT_FOR_DELIVERY', '2025-10-29 20:07:15', 'Final Mile Delivery', 'Package loaded on delivery vehicle', 'Delivery System'),
    (146, 22, 'DELIVERED', '2025-10-30 01:20:15', 'Delivered', 'Package delivered successfully to customer', 'Delivery System'),
    (147, 23, 'ORDER_CREATED', '2025-05-01 12:21:21', 'Order Created', 'Order placed by customer', 'System'),
    (148, 23, 'PAYMENT_CONFIRMED', '2025-05-01 16:30:21', 'Payment Confirmed', 'Payment successfully processed', 'Payment System'),
    (149, 23, 'ORDER_APPROVED', '2025-05-01 22:34:21', 'Processing Authorized', 'Order authorized for warehouse processing', 'Josh Stroman'),
    (150, 23, 'PREPARING_SHIPMENT', '2025-05-02 00:28:21', 'Packing in Progress', 'Order items being packed for shipment', 'Doris Kulas'),
    (151, 23, 'READY_FOR_PICKUP', '2025-05-02 03:32:21', 'Awaiting Carrier', 'Final quality check completed, package sealed and labeled', 'Kariane Lehner'),
    (152, 23, 'IN_TRANSIT', '2025-05-02 06:22:21', 'En Route', 'Package is on the way to destination', 'Logistics System'),
    (153, 23, 'OUT_FOR_DELIVERY', '2025-05-02 11:27:21', 'Delivery in Progress', 'Driver en route to delivery address', 'Delivery System'),
    (154, 23, 'DELIVERED', '2025-05-02 17:39:21', 'Delivery Completed', 'Package received and signed by customer', 'Delivery System'),
    (155, 24, 'ORDER_CREATED', '2025-07-01 15:26:35', 'New Order Received', 'Customer order received and registered', 'System'),
    (156, 24, 'PAYMENT_CONFIRMED', '2025-07-01 16:16:35', 'Transaction Completed', 'Payment transaction completed successfully', 'Payment System'),
    (157, 24, 'ORDER_APPROVED', '2025-07-01 20:39:35', 'Order Approved', 'Order approved for processing', 'Brenda Bosco'),
    (158, 24, 'PREPARING_SHIPMENT', '2025-07-01 23:05:35', 'Warehouse Processing', 'Items picked from warehouse and packaging initiated', 'Eden Rosenbaum'),
    (159, 24, 'READY_FOR_PICKUP', '2025-07-01 23:57:35', 'Awaiting Carrier', 'Final quality check completed, package sealed and labeled', 'Roxane Dach'),
    (160, 24, 'IN_TRANSIT', '2025-07-02 07:40:35', 'En Route', 'Package is on the way to destination', 'Logistics System'),
    (161, 24, 'DELIVERED', '2025-07-02 09:15:35', 'Order Fulfilled', 'Delivery completed successfully', 'Delivery System'),
    (162, 25, 'ORDER_CREATED', '2025-10-30 11:59:57', 'Order Created', 'Initial order creation and validation', 'System'),
    (163, 25, 'PAYMENT_CONFIRMED', '2025-10-30 15:25:57', 'Payment Received', 'Credit card payment processed', 'Payment System'),
    (164, 25, 'ORDER_APPROVED', '2025-10-30 21:10:57', 'Processing Authorized', 'Order authorized for warehouse processing', 'Velma Heaney'),
    (165, 25, 'PREPARING_SHIPMENT', '2025-10-31 00:15:57', 'Warehouse Processing', 'Items picked from warehouse and packaging initiated', 'Freda Mitchell'),
    (166, 25, 'READY_FOR_PICKUP', '2025-10-31 01:24:57', 'Ready for Pickup', 'Package ready for carrier pickup', 'Fanny Cummerata'),
    (167, 25, 'IN_TRANSIT', '2025-10-31 05:22:57', 'Shipment Departed', 'Package departed from distribution center', 'Logistics System'),
    (168, 25, 'OUT_FOR_DELIVERY', '2025-10-31 07:21:57', 'Delivery in Progress', 'Driver en route to delivery address', 'Delivery System'),
    (169, 25, 'DELIVERED', '2025-10-31 13:06:57', 'Delivered', 'Package delivered successfully to customer', 'Delivery System');
INSERT INTO order_items (id, order_id, product_name, quantity, unit_price, total_price, item_type) VALUES
    (1, 1, 'Smartphone Case', 1, 353.57, 353.57, 'PRODUCT'),
    (2, 1, 'Cable Organizer', 1, 282.76, 282.76, 'PRODUCT'),
    (3, 1, 'Cable Organizer', 3, 639.56, 1918.67, 'PRODUCT'),
    (4, 1, 'Fitness Tracker', 3, 565.47, 1696.42, 'PRODUCT'),
    (5, 1, 'Shipping', 1, 24.04, 24.04, 'SHIPPING'),
    (6, 1, 'Tax', 1, 351.81, 351.81, 'TAX'),
    (7, 2, 'Card Reader', 2, 984.14, 1968.29, 'PRODUCT'),
    (8, 2, 'Laptop Stand', 3, 955.23, 2865.69, 'PRODUCT'),
    (9, 2, 'Shipping', 1, 49.50, 49.50, 'SHIPPING'),
    (10, 2, 'Tax', 1, 424.57, 424.57, 'TAX'),
    (11, 3, 'Tripod Stand', 1, 762.81, 762.81, 'PRODUCT'),
    (12, 3, 'Space Heater', 3, 548.83, 1646.50, 'PRODUCT'),
    (13, 3, 'Shipping', 1, 10.19, 10.19, 'SHIPPING'),
    (14, 3, 'Tax', 1, 188.51, 188.51, 'TAX'),
    (15, 4, 'Ethernet Cable', 3, 683.97, 2051.92, 'PRODUCT'),
    (16, 4, 'Extension Cord', 3, 256.72, 770.17, 'PRODUCT'),
    (17, 4, 'Wireless Mouse', 3, 66.70, 200.10, 'PRODUCT'),
    (18, 4, 'Shipping', 1, 18.31, 18.31, 'SHIPPING'),
    (19, 4, 'Tax', 1, 248.36, 248.36, 'TAX'),
    (20, 5, 'Fitness Tracker', 2, 441.40, 882.80, 'PRODUCT'),
    (21, 5, 'Desk Organizer', 3, 578.96, 1736.88, 'PRODUCT'),
    (22, 5, 'Shipping', 1, 11.75, 11.75, 'SHIPPING'),
    (23, 5, 'Tax', 1, 253.05, 253.05, 'TAX'),
    (24, 6, 'Space Heater', 1, 889.31, 889.31, 'PRODUCT'),
    (25, 6, 'Tripod Stand', 1, 493.85, 493.85, 'PRODUCT'),
    (26, 6, 'Shipping', 1, 19.65, 19.65, 'SHIPPING'),
    (27, 6, 'Tax', 1, 72.56, 72.56, 'TAX'),
    (28, 7, 'Memory Card', 1, 215.01, 215.01, 'PRODUCT'),
    (29, 7, 'Laptop Computer', 1, 921.62, 921.62, 'PRODUCT'),
    (30, 7, 'Water Bottle', 3, 888.24, 2664.71, 'PRODUCT'),
    (31, 7, 'Shipping', 1, 16.66, 16.66, 'SHIPPING'),
    (32, 7, 'Tax', 1, 312.87, 312.87, 'TAX'),
    (33, 8, 'File Cabinet', 3, 673.93, 2021.79, 'PRODUCT'),
    (34, 8, 'Shipping', 1, 22.62, 22.62, 'SHIPPING'),
    (35, 8, 'Tax', 1, 184.77, 184.77, 'TAX'),
    (36, 9, 'Docking Station', 3, 47.52, 142.56, 'PRODUCT'),
    (37, 9, 'Docking Station', 1, 201.73, 201.73, 'PRODUCT'),
    (38, 9, 'Shipping', 1, 19.05, 19.05, 'SHIPPING'),
    (39, 9, 'Tax', 1, 26.39, 26.39, 'TAX'),
    (40, 10, 'Backpack', 1, 25.88, 25.88, 'PRODUCT'),
    (41, 10, 'Graphics Tablet', 3, 967.46, 2902.38, 'PRODUCT'),
    (42, 10, 'Memory Card', 2, 506.48, 1012.96, 'PRODUCT'),
    (43, 10, 'Shipping', 1, 8.33, 8.33, 'SHIPPING'),
    (44, 10, 'Tax', 1, 198.80, 198.80, 'TAX'),
    (45, 11, 'Messenger Bag', 1, 899.31, 899.31, 'PRODUCT'),
    (46, 11, 'Wall Clock', 3, 84.84, 254.53, 'PRODUCT'),
    (47, 11, 'Shipping', 1, 15.07, 15.07, 'SHIPPING'),
    (48, 11, 'Tax', 1, 70.25, 70.25, 'TAX'),
    (49, 12, 'Smartphone Case', 3, 359.06, 1077.17, 'PRODUCT'),
    (50, 12, 'Desk Fan', 2, 883.12, 1766.24, 'PRODUCT'),
    (51, 12, 'Bluetooth Speaker', 3, 707.68, 2123.04, 'PRODUCT'),
    (52, 12, 'Shipping', 1, 32.09, 32.09, 'SHIPPING'),
    (53, 12, 'Tax', 1, 316.58, 316.58, 'TAX'),
    (54, 13, 'Mechanical Keyboard', 1, 79.93, 79.93, 'PRODUCT'),
    (55, 13, 'Shipping', 1, 9.02, 9.02, 'SHIPPING'),
    (56, 13, 'Tax', 1, 5.64, 5.64, 'TAX'),
    (57, 14, 'Desk Lamp LED', 2, 875.84, 1751.69, 'PRODUCT'),
    (58, 14, 'Monitor 27-inch', 1, 633.77, 633.77, 'PRODUCT'),
    (59, 14, 'Shipping', 1, 16.99, 16.99, 'SHIPPING'),
    (60, 14, 'Tax', 1, 138.77, 138.77, 'TAX'),
    (61, 15, 'Card Reader', 3, 552.28, 1656.85, 'PRODUCT'),
    (62, 15, 'Tablet Stand', 3, 467.10, 1401.30, 'PRODUCT'),
    (63, 15, 'Water Bottle', 3, 151.37, 454.10, 'PRODUCT'),
    (64, 15, 'Shipping', 1, 43.43, 43.43, 'SHIPPING'),
    (65, 15, 'Tax', 1, 205.96, 205.96, 'TAX'),
    (66, 16, 'Office Chair', 2, 178.60, 357.21, 'PRODUCT'),
    (67, 16, 'Standing Desk', 3, 873.61, 2620.83, 'PRODUCT'),
    (68, 16, 'Pen Collection', 2, 44.25, 88.50, 'PRODUCT'),
    (69, 16, 'Camera Bag', 3, 239.75, 719.26, 'PRODUCT'),
    (70, 16, 'Shipping', 1, 5.93, 5.93, 'SHIPPING'),
    (71, 16, 'Tax', 1, 361.22, 361.22, 'TAX'),
    (72, 17, 'Desk Fan', 2, 285.77, 571.55, 'PRODUCT'),
    (73, 17, 'Cable Organizer', 3, 763.02, 2289.06, 'PRODUCT'),
    (74, 17, 'Graphics Tablet', 2, 19.93, 39.86, 'PRODUCT'),
    (75, 17, 'Shipping', 1, 5.44, 5.44, 'SHIPPING'),
    (76, 17, 'Tax', 1, 163.51, 163.51, 'TAX'),
    (77, 18, 'Wall Clock', 3, 758.27, 2274.81, 'PRODUCT'),
    (78, 18, 'Coffee Mug', 2, 759.87, 1519.74, 'PRODUCT'),
    (79, 18, 'Power Bank', 2, 643.58, 1287.15, 'PRODUCT'),
    (80, 18, 'Messenger Bag', 2, 75.70, 151.41, 'PRODUCT'),
    (81, 18, 'Shipping', 1, 18.81, 18.81, 'SHIPPING'),
    (82, 18, 'Tax', 1, 393.01, 393.01, 'TAX'),
    (83, 19, 'HDMI Cable', 3, 792.57, 2377.70, 'PRODUCT'),
    (84, 19, 'Docking Station', 2, 940.09, 1880.18, 'PRODUCT'),
    (85, 19, 'Screen Protector', 1, 505.41, 505.41, 'PRODUCT'),
    (86, 19, 'Laptop Computer', 2, 887.07, 1774.14, 'PRODUCT'),
    (87, 19, 'Shipping', 1, 28.49, 28.49, 'SHIPPING'),
    (88, 19, 'Tax', 1, 611.01, 611.01, 'TAX'),
    (89, 20, 'Action Camera', 3, 738.30, 2214.89, 'PRODUCT'),
    (90, 20, 'Shipping', 1, 3.14, 3.14, 'SHIPPING'),
    (91, 20, 'Tax', 1, 151.68, 151.68, 'TAX'),
    (92, 21, 'Extension Cord', 1, 432.35, 432.35, 'PRODUCT'),
    (93, 21, 'Backpack', 3, 491.29, 1473.88, 'PRODUCT'),
    (94, 21, 'Shipping', 1, 40.93, 40.93, 'SHIPPING'),
    (95, 21, 'Tax', 1, 99.43, 99.43, 'TAX'),
    (96, 22, 'Messenger Bag', 1, 92.50, 92.50, 'PRODUCT'),
    (97, 22, 'Screen Protector', 2, 895.05, 1790.11, 'PRODUCT'),
    (98, 22, 'Shipping', 1, 1.63, 1.63, 'SHIPPING'),
    (99, 22, 'Tax', 1, 150.87, 150.87, 'TAX'),
    (100, 23, 'Wireless Mouse', 3, 231.29, 693.87, 'PRODUCT'),
    (101, 23, 'Coffee Mug', 2, 529.68, 1059.37, 'PRODUCT'),
    (102, 23, 'Air Purifier', 1, 165.89, 165.89, 'PRODUCT'),
    (103, 23, 'Shipping', 1, 18.70, 18.70, 'SHIPPING'),
    (104, 23, 'Tax', 1, 109.39, 109.39, 'TAX'),
    (105, 24, 'Air Purifier', 1, 317.64, 317.64, 'PRODUCT'),
    (106, 24, 'Monitor 27-inch', 1, 152.70, 152.70, 'PRODUCT'),
    (107, 24, 'Ethernet Cable', 1, 721.30, 721.30, 'PRODUCT'),
    (108, 24, 'Shipping', 1, 19.35, 19.35, 'SHIPPING'),
    (109, 24, 'Tax', 1, 90.18, 90.18, 'TAX'),
    (110, 25, 'Air Purifier', 3, 804.51, 2413.52, 'PRODUCT'),
    (111, 25, 'Card Reader', 2, 899.06, 1798.13, 'PRODUCT'),
    (112, 25, 'Plant Pot', 2, 320.63, 641.26, 'PRODUCT'),
    (113, 25, 'Phone Holder', 1, 909.61, 909.61, 'PRODUCT'),
    (114, 25, 'Shipping', 1, 6.34, 6.34, 'SHIPPING'),
    (115, 25, 'Tax', 1, 360.67, 360.67, 'TAX');
